,Link
0,https://ntd.vieclam24h.vn/chi-tiet-nguoi-tim-viec?id=202237857
1,https://ntd.vieclam24h.vn/chi-tiet-nguoi-tim-viec?id=202240194
2,https://ntd.vieclam24h.vn/chi-tiet-nguoi-tim-viec?id=201946166
3,https://ntd.vieclam24h.vn/chi-tiet-nguoi-tim-viec?id=201792138
4,https://ntd.vieclam24h.vn/chi-tiet-nguoi-tim-viec?id=140887504
5,https://ntd.vieclam24h.vn/chi-tiet-nguoi-tim-viec?id=101192647
6,https://ntd.vieclam24h.vn/chi-tiet-nguoi-tim-viec?id=101189496
7,https://ntd.vieclam24h.vn/chi-tiet-nguoi-tim-viec?id=100553994
8,https://ntd.vieclam24h.vn/chi-tiet-nguoi-tim-viec?id=16964085
9,https://ntd.vieclam24h.vn/chi-tiet-nguoi-tim-viec?id=10283710
10,https://ntd.vieclam24h.vn/chi-tiet-nguoi-tim-viec?id=5116835
11,https://ntd.vieclam24h.vn/chi-tiet-nguoi-tim-viec?id=3548892
12,https://ntd.vieclam24h.vn/chi-tiet-nguoi-tim-viec?id=202244067
13,https://ntd.vieclam24h.vn/chi-tiet-nguoi-tim-viec?id=200860807
14,https://ntd.vieclam24h.vn/chi-tiet-nguoi-tim-viec?id=100465778
15,https://ntd.vieclam24h.vn/chi-tiet-nguoi-tim-viec?id=4885734
16,https://ntd.vieclam24h.vn/chi-tiet-nguoi-tim-viec?id=202236789
17,https://ntd.vieclam24h.vn/chi-tiet-nguoi-tim-viec?id=202236446
18,https://ntd.vieclam24h.vn/chi-tiet-nguoi-tim-viec?id=100689011
19,https://ntd.vieclam24h.vn/chi-tiet-nguoi-tim-viec?id=5642722
20,https://ntd.vieclam24h.vn/chi-tiet-nguoi-tim-viec?id=4257778
21,https://ntd.vieclam24h.vn/chi-tiet-nguoi-tim-viec?id=202232370
22,https://ntd.vieclam24h.vn/chi-tiet-nguoi-tim-viec?id=3791711
23,https://ntd.vieclam24h.vn/chi-tiet-nguoi-tim-viec?id=100555936
24,https://ntd.vieclam24h.vn/chi-tiet-nguoi-tim-viec?id=100664711
25,https://ntd.vieclam24h.vn/chi-tiet-nguoi-tim-viec?id=3335872
26,https://ntd.vieclam24h.vn/chi-tiet-nguoi-tim-viec?id=3426828
27,https://ntd.vieclam24h.vn/chi-tiet-nguoi-tim-viec?id=201070747
28,https://ntd.vieclam24h.vn/chi-tiet-nguoi-tim-viec?id=3290724
29,https://ntd.vieclam24h.vn/chi-tiet-nguoi-tim-viec?id=202225001
30,https://ntd.vieclam24h.vn/chi-tiet-nguoi-tim-viec?id=202223699
31,https://ntd.vieclam24h.vn/chi-tiet-nguoi-tim-viec?id=201553877
32,https://ntd.vieclam24h.vn/chi-tiet-nguoi-tim-viec?id=202214150
33,https://ntd.vieclam24h.vn/chi-tiet-nguoi-tim-viec?id=202204558
34,https://ntd.vieclam24h.vn/chi-tiet-nguoi-tim-viec?id=202203834
35,https://ntd.vieclam24h.vn/chi-tiet-nguoi-tim-viec?id=202203565
36,https://ntd.vieclam24h.vn/chi-tiet-nguoi-tim-viec?id=202203231
37,https://ntd.vieclam24h.vn/chi-tiet-nguoi-tim-viec?id=202199684
38,https://ntd.vieclam24h.vn/chi-tiet-nguoi-tim-viec?id=202198622
39,https://ntd.vieclam24h.vn/chi-tiet-nguoi-tim-viec?id=201817400
40,https://ntd.vieclam24h.vn/chi-tiet-nguoi-tim-viec?id=13316048
41,https://ntd.vieclam24h.vn/chi-tiet-nguoi-tim-viec?id=202187845
42,https://ntd.vieclam24h.vn/chi-tiet-nguoi-tim-viec?id=202184186
43,https://ntd.vieclam24h.vn/chi-tiet-nguoi-tim-viec?id=202064971
44,https://ntd.vieclam24h.vn/chi-tiet-nguoi-tim-viec?id=201168457
45,https://ntd.vieclam24h.vn/chi-tiet-nguoi-tim-viec?id=202176611
46,https://ntd.vieclam24h.vn/chi-tiet-nguoi-tim-viec?id=202172134
47,https://ntd.vieclam24h.vn/chi-tiet-nguoi-tim-viec?id=202169789
48,https://ntd.vieclam24h.vn/chi-tiet-nguoi-tim-viec?id=10064493
49,https://ntd.vieclam24h.vn/chi-tiet-nguoi-tim-viec?id=202130891
50,https://ntd.vieclam24h.vn/chi-tiet-nguoi-tim-viec?id=100391654
51,https://ntd.vieclam24h.vn/chi-tiet-nguoi-tim-viec?id=3050312
52,https://ntd.vieclam24h.vn/chi-tiet-nguoi-tim-viec?id=202144199
53,https://ntd.vieclam24h.vn/chi-tiet-nguoi-tim-viec?id=5773775
54,https://ntd.vieclam24h.vn/chi-tiet-nguoi-tim-viec?id=15352879
55,https://ntd.vieclam24h.vn/chi-tiet-nguoi-tim-viec?id=202134019
56,https://ntd.vieclam24h.vn/chi-tiet-nguoi-tim-viec?id=202129684
57,https://ntd.vieclam24h.vn/chi-tiet-nguoi-tim-viec?id=202126317
58,https://ntd.vieclam24h.vn/chi-tiet-nguoi-tim-viec?id=201248891
59,https://ntd.vieclam24h.vn/chi-tiet-nguoi-tim-viec?id=200011426
60,https://ntd.vieclam24h.vn/chi-tiet-nguoi-tim-viec?id=13043366
61,https://ntd.vieclam24h.vn/chi-tiet-nguoi-tim-viec?id=3188022
62,https://ntd.vieclam24h.vn/chi-tiet-nguoi-tim-viec?id=201878907
63,https://ntd.vieclam24h.vn/chi-tiet-nguoi-tim-viec?id=202121127
64,https://ntd.vieclam24h.vn/chi-tiet-nguoi-tim-viec?id=202113163
65,https://ntd.vieclam24h.vn/chi-tiet-nguoi-tim-viec?id=202113811
66,https://ntd.vieclam24h.vn/chi-tiet-nguoi-tim-viec?id=202112821
67,https://ntd.vieclam24h.vn/chi-tiet-nguoi-tim-viec?id=4013308
68,https://ntd.vieclam24h.vn/chi-tiet-nguoi-tim-viec?id=202110418
69,https://ntd.vieclam24h.vn/chi-tiet-nguoi-tim-viec?id=202110333
70,https://ntd.vieclam24h.vn/chi-tiet-nguoi-tim-viec?id=16592386
71,https://ntd.vieclam24h.vn/chi-tiet-nguoi-tim-viec?id=202103796
72,https://ntd.vieclam24h.vn/chi-tiet-nguoi-tim-viec?id=100011565
73,https://ntd.vieclam24h.vn/chi-tiet-nguoi-tim-viec?id=16937779
74,https://ntd.vieclam24h.vn/chi-tiet-nguoi-tim-viec?id=202100054
75,https://ntd.vieclam24h.vn/chi-tiet-nguoi-tim-viec?id=201883927
76,https://ntd.vieclam24h.vn/chi-tiet-nguoi-tim-viec?id=15085317
77,https://ntd.vieclam24h.vn/chi-tiet-nguoi-tim-viec?id=25243370
78,https://ntd.vieclam24h.vn/chi-tiet-nguoi-tim-viec?id=202089907
79,https://ntd.vieclam24h.vn/chi-tiet-nguoi-tim-viec?id=202088935
80,https://ntd.vieclam24h.vn/chi-tiet-nguoi-tim-viec?id=10585908
81,https://ntd.vieclam24h.vn/chi-tiet-nguoi-tim-viec?id=202070112
82,https://ntd.vieclam24h.vn/chi-tiet-nguoi-tim-viec?id=140749377
83,https://ntd.vieclam24h.vn/chi-tiet-nguoi-tim-viec?id=15303225
84,https://ntd.vieclam24h.vn/chi-tiet-nguoi-tim-viec?id=5203949
85,https://ntd.vieclam24h.vn/chi-tiet-nguoi-tim-viec?id=141162684
86,https://ntd.vieclam24h.vn/chi-tiet-nguoi-tim-viec?id=5191930
87,https://ntd.vieclam24h.vn/chi-tiet-nguoi-tim-viec?id=200149147
88,https://ntd.vieclam24h.vn/chi-tiet-nguoi-tim-viec?id=202053890
89,https://ntd.vieclam24h.vn/chi-tiet-nguoi-tim-viec?id=202052782
90,https://ntd.vieclam24h.vn/chi-tiet-nguoi-tim-viec?id=5736428
91,https://ntd.vieclam24h.vn/chi-tiet-nguoi-tim-viec?id=202047951
92,https://ntd.vieclam24h.vn/chi-tiet-nguoi-tim-viec?id=200223154
93,https://ntd.vieclam24h.vn/chi-tiet-nguoi-tim-viec?id=202043236
94,https://ntd.vieclam24h.vn/chi-tiet-nguoi-tim-viec?id=202041943
95,https://ntd.vieclam24h.vn/chi-tiet-nguoi-tim-viec?id=202040478
96,https://ntd.vieclam24h.vn/chi-tiet-nguoi-tim-viec?id=201195121
97,https://ntd.vieclam24h.vn/chi-tiet-nguoi-tim-viec?id=15627581
98,https://ntd.vieclam24h.vn/chi-tiet-nguoi-tim-viec?id=12801022
99,https://ntd.vieclam24h.vn/chi-tiet-nguoi-tim-viec?id=5463490
100,https://ntd.vieclam24h.vn/chi-tiet-nguoi-tim-viec?id=202004316
101,https://ntd.vieclam24h.vn/chi-tiet-nguoi-tim-viec?id=4866651
102,https://ntd.vieclam24h.vn/chi-tiet-nguoi-tim-viec?id=202021908
103,https://ntd.vieclam24h.vn/chi-tiet-nguoi-tim-viec?id=202020221
104,https://ntd.vieclam24h.vn/chi-tiet-nguoi-tim-viec?id=202020163
105,https://ntd.vieclam24h.vn/chi-tiet-nguoi-tim-viec?id=202018254
106,https://ntd.vieclam24h.vn/chi-tiet-nguoi-tim-viec?id=201977575
107,https://ntd.vieclam24h.vn/chi-tiet-nguoi-tim-viec?id=201776947
108,https://ntd.vieclam24h.vn/chi-tiet-nguoi-tim-viec?id=202014487
109,https://ntd.vieclam24h.vn/chi-tiet-nguoi-tim-viec?id=202013278
110,https://ntd.vieclam24h.vn/chi-tiet-nguoi-tim-viec?id=202012462
111,https://ntd.vieclam24h.vn/chi-tiet-nguoi-tim-viec?id=201788247
112,https://ntd.vieclam24h.vn/chi-tiet-nguoi-tim-viec?id=202002824
113,https://ntd.vieclam24h.vn/chi-tiet-nguoi-tim-viec?id=13118187
114,https://ntd.vieclam24h.vn/chi-tiet-nguoi-tim-viec?id=200508729
115,https://ntd.vieclam24h.vn/chi-tiet-nguoi-tim-viec?id=24941606
116,https://ntd.vieclam24h.vn/chi-tiet-nguoi-tim-viec?id=201994736
117,https://ntd.vieclam24h.vn/chi-tiet-nguoi-tim-viec?id=201994155
118,https://ntd.vieclam24h.vn/chi-tiet-nguoi-tim-viec?id=200246684
119,https://ntd.vieclam24h.vn/chi-tiet-nguoi-tim-viec?id=3437022
120,https://ntd.vieclam24h.vn/chi-tiet-nguoi-tim-viec?id=201196910
121,https://ntd.vieclam24h.vn/chi-tiet-nguoi-tim-viec?id=201170300
122,https://ntd.vieclam24h.vn/chi-tiet-nguoi-tim-viec?id=201978213
123,https://ntd.vieclam24h.vn/chi-tiet-nguoi-tim-viec?id=201974770
124,https://ntd.vieclam24h.vn/chi-tiet-nguoi-tim-viec?id=201972959
125,https://ntd.vieclam24h.vn/chi-tiet-nguoi-tim-viec?id=201971122
126,https://ntd.vieclam24h.vn/chi-tiet-nguoi-tim-viec?id=201969274
127,https://ntd.vieclam24h.vn/chi-tiet-nguoi-tim-viec?id=201762502
128,https://ntd.vieclam24h.vn/chi-tiet-nguoi-tim-viec?id=201964931
129,https://ntd.vieclam24h.vn/chi-tiet-nguoi-tim-viec?id=201964345
130,https://ntd.vieclam24h.vn/chi-tiet-nguoi-tim-viec?id=201910582
131,https://ntd.vieclam24h.vn/chi-tiet-nguoi-tim-viec?id=13845694
132,https://ntd.vieclam24h.vn/chi-tiet-nguoi-tim-viec?id=201958681
133,https://ntd.vieclam24h.vn/chi-tiet-nguoi-tim-viec?id=100164888
134,https://ntd.vieclam24h.vn/chi-tiet-nguoi-tim-viec?id=201956651
135,https://ntd.vieclam24h.vn/chi-tiet-nguoi-tim-viec?id=201951554
136,https://ntd.vieclam24h.vn/chi-tiet-nguoi-tim-viec?id=201946980
137,https://ntd.vieclam24h.vn/chi-tiet-nguoi-tim-viec?id=201946400
138,https://ntd.vieclam24h.vn/chi-tiet-nguoi-tim-viec?id=100686509
139,https://ntd.vieclam24h.vn/chi-tiet-nguoi-tim-viec?id=100206147
140,https://ntd.vieclam24h.vn/chi-tiet-nguoi-tim-viec?id=201945533
141,https://ntd.vieclam24h.vn/chi-tiet-nguoi-tim-viec?id=201464675
142,https://ntd.vieclam24h.vn/chi-tiet-nguoi-tim-viec?id=10019382
143,https://ntd.vieclam24h.vn/chi-tiet-nguoi-tim-viec?id=201942496
144,https://ntd.vieclam24h.vn/chi-tiet-nguoi-tim-viec?id=201935314
145,https://ntd.vieclam24h.vn/chi-tiet-nguoi-tim-viec?id=201935158
146,https://ntd.vieclam24h.vn/chi-tiet-nguoi-tim-viec?id=3976342
147,https://ntd.vieclam24h.vn/chi-tiet-nguoi-tim-viec?id=201933659
148,https://ntd.vieclam24h.vn/chi-tiet-nguoi-tim-viec?id=100286000
149,https://ntd.vieclam24h.vn/chi-tiet-nguoi-tim-viec?id=18626006
150,https://ntd.vieclam24h.vn/chi-tiet-nguoi-tim-viec?id=201774615
151,https://ntd.vieclam24h.vn/chi-tiet-nguoi-tim-viec?id=3436111
152,https://ntd.vieclam24h.vn/chi-tiet-nguoi-tim-viec?id=201915463
153,https://ntd.vieclam24h.vn/chi-tiet-nguoi-tim-viec?id=5324688
154,https://ntd.vieclam24h.vn/chi-tiet-nguoi-tim-viec?id=201910416
155,https://ntd.vieclam24h.vn/chi-tiet-nguoi-tim-viec?id=201909582
156,https://ntd.vieclam24h.vn/chi-tiet-nguoi-tim-viec?id=201908949
157,https://ntd.vieclam24h.vn/chi-tiet-nguoi-tim-viec?id=3528988
158,https://ntd.vieclam24h.vn/chi-tiet-nguoi-tim-viec?id=201906443
159,https://ntd.vieclam24h.vn/chi-tiet-nguoi-tim-viec?id=201905178
160,https://ntd.vieclam24h.vn/chi-tiet-nguoi-tim-viec?id=201832751
161,https://ntd.vieclam24h.vn/chi-tiet-nguoi-tim-viec?id=100857439
162,https://ntd.vieclam24h.vn/chi-tiet-nguoi-tim-viec?id=201897545
163,https://ntd.vieclam24h.vn/chi-tiet-nguoi-tim-viec?id=100259142
164,https://ntd.vieclam24h.vn/chi-tiet-nguoi-tim-viec?id=3000022
165,https://ntd.vieclam24h.vn/chi-tiet-nguoi-tim-viec?id=201889014
166,https://ntd.vieclam24h.vn/chi-tiet-nguoi-tim-viec?id=4541482
167,https://ntd.vieclam24h.vn/chi-tiet-nguoi-tim-viec?id=201878996
168,https://ntd.vieclam24h.vn/chi-tiet-nguoi-tim-viec?id=201871710
169,https://ntd.vieclam24h.vn/chi-tiet-nguoi-tim-viec?id=5275204
170,https://ntd.vieclam24h.vn/chi-tiet-nguoi-tim-viec?id=201868483
171,https://ntd.vieclam24h.vn/chi-tiet-nguoi-tim-viec?id=200929385
172,https://ntd.vieclam24h.vn/chi-tiet-nguoi-tim-viec?id=17440931
173,https://ntd.vieclam24h.vn/chi-tiet-nguoi-tim-viec?id=201862157
174,https://ntd.vieclam24h.vn/chi-tiet-nguoi-tim-viec?id=201852466
175,https://ntd.vieclam24h.vn/chi-tiet-nguoi-tim-viec?id=22565722
176,https://ntd.vieclam24h.vn/chi-tiet-nguoi-tim-viec?id=3084722
177,https://ntd.vieclam24h.vn/chi-tiet-nguoi-tim-viec?id=201853998
178,https://ntd.vieclam24h.vn/chi-tiet-nguoi-tim-viec?id=100041730
179,https://ntd.vieclam24h.vn/chi-tiet-nguoi-tim-viec?id=4176502
180,https://ntd.vieclam24h.vn/chi-tiet-nguoi-tim-viec?id=201845551
181,https://ntd.vieclam24h.vn/chi-tiet-nguoi-tim-viec?id=201843791
182,https://ntd.vieclam24h.vn/chi-tiet-nguoi-tim-viec?id=201842418
183,https://ntd.vieclam24h.vn/chi-tiet-nguoi-tim-viec?id=4681341
184,https://ntd.vieclam24h.vn/chi-tiet-nguoi-tim-viec?id=200343298
185,https://ntd.vieclam24h.vn/chi-tiet-nguoi-tim-viec?id=5037872
186,https://ntd.vieclam24h.vn/chi-tiet-nguoi-tim-viec?id=201825623
187,https://ntd.vieclam24h.vn/chi-tiet-nguoi-tim-viec?id=140631905
188,https://ntd.vieclam24h.vn/chi-tiet-nguoi-tim-viec?id=13308946
189,https://ntd.vieclam24h.vn/chi-tiet-nguoi-tim-viec?id=5279821
190,https://ntd.vieclam24h.vn/chi-tiet-nguoi-tim-viec?id=201809873
191,https://ntd.vieclam24h.vn/chi-tiet-nguoi-tim-viec?id=201803332
192,https://ntd.vieclam24h.vn/chi-tiet-nguoi-tim-viec?id=201802766
193,https://ntd.vieclam24h.vn/chi-tiet-nguoi-tim-viec?id=201798797
194,https://ntd.vieclam24h.vn/chi-tiet-nguoi-tim-viec?id=21653758
195,https://ntd.vieclam24h.vn/chi-tiet-nguoi-tim-viec?id=4418079
196,https://ntd.vieclam24h.vn/chi-tiet-nguoi-tim-viec?id=21130664
197,https://ntd.vieclam24h.vn/chi-tiet-nguoi-tim-viec?id=201786449
198,https://ntd.vieclam24h.vn/chi-tiet-nguoi-tim-viec?id=201786162
199,https://ntd.vieclam24h.vn/chi-tiet-nguoi-tim-viec?id=201782855
200,https://ntd.vieclam24h.vn/chi-tiet-nguoi-tim-viec?id=11407538
201,https://ntd.vieclam24h.vn/chi-tiet-nguoi-tim-viec?id=4587490
202,https://ntd.vieclam24h.vn/chi-tiet-nguoi-tim-viec?id=201783166
203,https://ntd.vieclam24h.vn/chi-tiet-nguoi-tim-viec?id=201782804
204,https://ntd.vieclam24h.vn/chi-tiet-nguoi-tim-viec?id=201782029
205,https://ntd.vieclam24h.vn/chi-tiet-nguoi-tim-viec?id=201779026
206,https://ntd.vieclam24h.vn/chi-tiet-nguoi-tim-viec?id=200041002
207,https://ntd.vieclam24h.vn/chi-tiet-nguoi-tim-viec?id=201768707
208,https://ntd.vieclam24h.vn/chi-tiet-nguoi-tim-viec?id=201761472
209,https://ntd.vieclam24h.vn/chi-tiet-nguoi-tim-viec?id=201759879
210,https://ntd.vieclam24h.vn/chi-tiet-nguoi-tim-viec?id=201757615
211,https://ntd.vieclam24h.vn/chi-tiet-nguoi-tim-viec?id=201756028
212,https://ntd.vieclam24h.vn/chi-tiet-nguoi-tim-viec?id=100883391
213,https://ntd.vieclam24h.vn/chi-tiet-nguoi-tim-viec?id=201751477
214,https://ntd.vieclam24h.vn/chi-tiet-nguoi-tim-viec?id=4816106
215,https://ntd.vieclam24h.vn/chi-tiet-nguoi-tim-viec?id=3012768
216,https://ntd.vieclam24h.vn/chi-tiet-nguoi-tim-viec?id=11980700
217,https://ntd.vieclam24h.vn/chi-tiet-nguoi-tim-viec?id=201745531
218,https://ntd.vieclam24h.vn/chi-tiet-nguoi-tim-viec?id=201742866
219,https://ntd.vieclam24h.vn/chi-tiet-nguoi-tim-viec?id=201741713
220,https://ntd.vieclam24h.vn/chi-tiet-nguoi-tim-viec?id=201741354
221,https://ntd.vieclam24h.vn/chi-tiet-nguoi-tim-viec?id=201620111
222,https://ntd.vieclam24h.vn/chi-tiet-nguoi-tim-viec?id=201739169
223,https://ntd.vieclam24h.vn/chi-tiet-nguoi-tim-viec?id=100846664
224,https://ntd.vieclam24h.vn/chi-tiet-nguoi-tim-viec?id=201734768
225,https://ntd.vieclam24h.vn/chi-tiet-nguoi-tim-viec?id=201734294
226,https://ntd.vieclam24h.vn/chi-tiet-nguoi-tim-viec?id=200867165
227,https://ntd.vieclam24h.vn/chi-tiet-nguoi-tim-viec?id=11166243
228,https://ntd.vieclam24h.vn/chi-tiet-nguoi-tim-viec?id=14710241
229,https://ntd.vieclam24h.vn/chi-tiet-nguoi-tim-viec?id=201719936
230,https://ntd.vieclam24h.vn/chi-tiet-nguoi-tim-viec?id=201718434
231,https://ntd.vieclam24h.vn/chi-tiet-nguoi-tim-viec?id=201717115
232,https://ntd.vieclam24h.vn/chi-tiet-nguoi-tim-viec?id=201703711
233,https://ntd.vieclam24h.vn/chi-tiet-nguoi-tim-viec?id=201698868
234,https://ntd.vieclam24h.vn/chi-tiet-nguoi-tim-viec?id=18167419
235,https://ntd.vieclam24h.vn/chi-tiet-nguoi-tim-viec?id=5152372
236,https://ntd.vieclam24h.vn/chi-tiet-nguoi-tim-viec?id=5050055
237,https://ntd.vieclam24h.vn/chi-tiet-nguoi-tim-viec?id=201698659
238,https://ntd.vieclam24h.vn/chi-tiet-nguoi-tim-viec?id=201697598
239,https://ntd.vieclam24h.vn/chi-tiet-nguoi-tim-viec?id=140912855
240,https://ntd.vieclam24h.vn/chi-tiet-nguoi-tim-viec?id=24766356
241,https://ntd.vieclam24h.vn/chi-tiet-nguoi-tim-viec?id=5746409
242,https://ntd.vieclam24h.vn/chi-tiet-nguoi-tim-viec?id=201639461
243,https://ntd.vieclam24h.vn/chi-tiet-nguoi-tim-viec?id=201683673
244,https://ntd.vieclam24h.vn/chi-tiet-nguoi-tim-viec?id=201681301
245,https://ntd.vieclam24h.vn/chi-tiet-nguoi-tim-viec?id=201679541
246,https://ntd.vieclam24h.vn/chi-tiet-nguoi-tim-viec?id=201678054
247,https://ntd.vieclam24h.vn/chi-tiet-nguoi-tim-viec?id=201677950
248,https://ntd.vieclam24h.vn/chi-tiet-nguoi-tim-viec?id=201671540
249,https://ntd.vieclam24h.vn/chi-tiet-nguoi-tim-viec?id=201652310
250,https://ntd.vieclam24h.vn/chi-tiet-nguoi-tim-viec?id=3300895
251,https://ntd.vieclam24h.vn/chi-tiet-nguoi-tim-viec?id=201667878
252,https://ntd.vieclam24h.vn/chi-tiet-nguoi-tim-viec?id=201665247
253,https://ntd.vieclam24h.vn/chi-tiet-nguoi-tim-viec?id=201661344
254,https://ntd.vieclam24h.vn/chi-tiet-nguoi-tim-viec?id=201660395
255,https://ntd.vieclam24h.vn/chi-tiet-nguoi-tim-viec?id=201659710
256,https://ntd.vieclam24h.vn/chi-tiet-nguoi-tim-viec?id=3267601
257,https://ntd.vieclam24h.vn/chi-tiet-nguoi-tim-viec?id=201249878
258,https://ntd.vieclam24h.vn/chi-tiet-nguoi-tim-viec?id=201653531
259,https://ntd.vieclam24h.vn/chi-tiet-nguoi-tim-viec?id=201617603
260,https://ntd.vieclam24h.vn/chi-tiet-nguoi-tim-viec?id=201651002
261,https://ntd.vieclam24h.vn/chi-tiet-nguoi-tim-viec?id=201646836
262,https://ntd.vieclam24h.vn/chi-tiet-nguoi-tim-viec?id=201645269
263,https://ntd.vieclam24h.vn/chi-tiet-nguoi-tim-viec?id=201637871
264,https://ntd.vieclam24h.vn/chi-tiet-nguoi-tim-viec?id=201634996
265,https://ntd.vieclam24h.vn/chi-tiet-nguoi-tim-viec?id=201625133
266,https://ntd.vieclam24h.vn/chi-tiet-nguoi-tim-viec?id=20646338
267,https://ntd.vieclam24h.vn/chi-tiet-nguoi-tim-viec?id=4521582
268,https://ntd.vieclam24h.vn/chi-tiet-nguoi-tim-viec?id=3910016
269,https://ntd.vieclam24h.vn/chi-tiet-nguoi-tim-viec?id=3494423
270,https://ntd.vieclam24h.vn/chi-tiet-nguoi-tim-viec?id=201626852
271,https://ntd.vieclam24h.vn/chi-tiet-nguoi-tim-viec?id=201625228
272,https://ntd.vieclam24h.vn/chi-tiet-nguoi-tim-viec?id=201621266
273,https://ntd.vieclam24h.vn/chi-tiet-nguoi-tim-viec?id=100186397
274,https://ntd.vieclam24h.vn/chi-tiet-nguoi-tim-viec?id=3945482
275,https://ntd.vieclam24h.vn/chi-tiet-nguoi-tim-viec?id=201615760
276,https://ntd.vieclam24h.vn/chi-tiet-nguoi-tim-viec?id=201608176
277,https://ntd.vieclam24h.vn/chi-tiet-nguoi-tim-viec?id=201606434
278,https://ntd.vieclam24h.vn/chi-tiet-nguoi-tim-viec?id=201604015
279,https://ntd.vieclam24h.vn/chi-tiet-nguoi-tim-viec?id=201601797
280,https://ntd.vieclam24h.vn/chi-tiet-nguoi-tim-viec?id=25227539
281,https://ntd.vieclam24h.vn/chi-tiet-nguoi-tim-viec?id=25140035
282,https://ntd.vieclam24h.vn/chi-tiet-nguoi-tim-viec?id=24785744
283,https://ntd.vieclam24h.vn/chi-tiet-nguoi-tim-viec?id=201539637
284,https://ntd.vieclam24h.vn/chi-tiet-nguoi-tim-viec?id=140889473
285,https://ntd.vieclam24h.vn/chi-tiet-nguoi-tim-viec?id=100918472
286,https://ntd.vieclam24h.vn/chi-tiet-nguoi-tim-viec?id=201588791
287,https://ntd.vieclam24h.vn/chi-tiet-nguoi-tim-viec?id=201587777
288,https://ntd.vieclam24h.vn/chi-tiet-nguoi-tim-viec?id=201586672
289,https://ntd.vieclam24h.vn/chi-tiet-nguoi-tim-viec?id=3134496
290,https://ntd.vieclam24h.vn/chi-tiet-nguoi-tim-viec?id=201580281
291,https://ntd.vieclam24h.vn/chi-tiet-nguoi-tim-viec?id=201579820
292,https://ntd.vieclam24h.vn/chi-tiet-nguoi-tim-viec?id=3711628
293,https://ntd.vieclam24h.vn/chi-tiet-nguoi-tim-viec?id=201575514
294,https://ntd.vieclam24h.vn/chi-tiet-nguoi-tim-viec?id=5766631
295,https://ntd.vieclam24h.vn/chi-tiet-nguoi-tim-viec?id=4797996
296,https://ntd.vieclam24h.vn/chi-tiet-nguoi-tim-viec?id=12398223
297,https://ntd.vieclam24h.vn/chi-tiet-nguoi-tim-viec?id=201567725
298,https://ntd.vieclam24h.vn/chi-tiet-nguoi-tim-viec?id=100676092
299,https://ntd.vieclam24h.vn/chi-tiet-nguoi-tim-viec?id=5564634
300,https://ntd.vieclam24h.vn/chi-tiet-nguoi-tim-viec?id=141638487
301,https://ntd.vieclam24h.vn/chi-tiet-nguoi-tim-viec?id=101057783
302,https://ntd.vieclam24h.vn/chi-tiet-nguoi-tim-viec?id=15558664
303,https://ntd.vieclam24h.vn/chi-tiet-nguoi-tim-viec?id=140922402
304,https://ntd.vieclam24h.vn/chi-tiet-nguoi-tim-viec?id=15460348
305,https://ntd.vieclam24h.vn/chi-tiet-nguoi-tim-viec?id=3631207
306,https://ntd.vieclam24h.vn/chi-tiet-nguoi-tim-viec?id=201545321
307,https://ntd.vieclam24h.vn/chi-tiet-nguoi-tim-viec?id=201541826
308,https://ntd.vieclam24h.vn/chi-tiet-nguoi-tim-viec?id=17913064
309,https://ntd.vieclam24h.vn/chi-tiet-nguoi-tim-viec?id=3048529
310,https://ntd.vieclam24h.vn/chi-tiet-nguoi-tim-viec?id=201537128
311,https://ntd.vieclam24h.vn/chi-tiet-nguoi-tim-viec?id=201535617
312,https://ntd.vieclam24h.vn/chi-tiet-nguoi-tim-viec?id=201535530
313,https://ntd.vieclam24h.vn/chi-tiet-nguoi-tim-viec?id=201532111
314,https://ntd.vieclam24h.vn/chi-tiet-nguoi-tim-viec?id=200935375
315,https://ntd.vieclam24h.vn/chi-tiet-nguoi-tim-viec?id=18271087
316,https://ntd.vieclam24h.vn/chi-tiet-nguoi-tim-viec?id=201528251
317,https://ntd.vieclam24h.vn/chi-tiet-nguoi-tim-viec?id=201526703
318,https://ntd.vieclam24h.vn/chi-tiet-nguoi-tim-viec?id=201526324
319,https://ntd.vieclam24h.vn/chi-tiet-nguoi-tim-viec?id=201524568
320,https://ntd.vieclam24h.vn/chi-tiet-nguoi-tim-viec?id=201506229
321,https://ntd.vieclam24h.vn/chi-tiet-nguoi-tim-viec?id=14827808
322,https://ntd.vieclam24h.vn/chi-tiet-nguoi-tim-viec?id=5000172
323,https://ntd.vieclam24h.vn/chi-tiet-nguoi-tim-viec?id=3120261
324,https://ntd.vieclam24h.vn/chi-tiet-nguoi-tim-viec?id=201504493
325,https://ntd.vieclam24h.vn/chi-tiet-nguoi-tim-viec?id=21263941
326,https://ntd.vieclam24h.vn/chi-tiet-nguoi-tim-viec?id=201500600
327,https://ntd.vieclam24h.vn/chi-tiet-nguoi-tim-viec?id=18768444
328,https://ntd.vieclam24h.vn/chi-tiet-nguoi-tim-viec?id=200301695
329,https://ntd.vieclam24h.vn/chi-tiet-nguoi-tim-viec?id=201488773
330,https://ntd.vieclam24h.vn/chi-tiet-nguoi-tim-viec?id=201486887
331,https://ntd.vieclam24h.vn/chi-tiet-nguoi-tim-viec?id=201486614
332,https://ntd.vieclam24h.vn/chi-tiet-nguoi-tim-viec?id=4487064
333,https://ntd.vieclam24h.vn/chi-tiet-nguoi-tim-viec?id=201482973
334,https://ntd.vieclam24h.vn/chi-tiet-nguoi-tim-viec?id=200500252
335,https://ntd.vieclam24h.vn/chi-tiet-nguoi-tim-viec?id=201474104
336,https://ntd.vieclam24h.vn/chi-tiet-nguoi-tim-viec?id=201472134
337,https://ntd.vieclam24h.vn/chi-tiet-nguoi-tim-viec?id=201459846
338,https://ntd.vieclam24h.vn/chi-tiet-nguoi-tim-viec?id=24970122
339,https://ntd.vieclam24h.vn/chi-tiet-nguoi-tim-viec?id=201462845
340,https://ntd.vieclam24h.vn/chi-tiet-nguoi-tim-viec?id=201461086
341,https://ntd.vieclam24h.vn/chi-tiet-nguoi-tim-viec?id=25022397
342,https://ntd.vieclam24h.vn/chi-tiet-nguoi-tim-viec?id=10516599
343,https://ntd.vieclam24h.vn/chi-tiet-nguoi-tim-viec?id=201459958
344,https://ntd.vieclam24h.vn/chi-tiet-nguoi-tim-viec?id=201459350
345,https://ntd.vieclam24h.vn/chi-tiet-nguoi-tim-viec?id=3042401
346,https://ntd.vieclam24h.vn/chi-tiet-nguoi-tim-viec?id=5606972
347,https://ntd.vieclam24h.vn/chi-tiet-nguoi-tim-viec?id=100553826
348,https://ntd.vieclam24h.vn/chi-tiet-nguoi-tim-viec?id=201448477
349,https://ntd.vieclam24h.vn/chi-tiet-nguoi-tim-viec?id=201448224
350,https://ntd.vieclam24h.vn/chi-tiet-nguoi-tim-viec?id=201447369
351,https://ntd.vieclam24h.vn/chi-tiet-nguoi-tim-viec?id=201447417
352,https://ntd.vieclam24h.vn/chi-tiet-nguoi-tim-viec?id=100586264
353,https://ntd.vieclam24h.vn/chi-tiet-nguoi-tim-viec?id=12715313
354,https://ntd.vieclam24h.vn/chi-tiet-nguoi-tim-viec?id=201444862
355,https://ntd.vieclam24h.vn/chi-tiet-nguoi-tim-viec?id=201439907
356,https://ntd.vieclam24h.vn/chi-tiet-nguoi-tim-viec?id=201434992
357,https://ntd.vieclam24h.vn/chi-tiet-nguoi-tim-viec?id=201428349
358,https://ntd.vieclam24h.vn/chi-tiet-nguoi-tim-viec?id=201427685
359,https://ntd.vieclam24h.vn/chi-tiet-nguoi-tim-viec?id=201424904
360,https://ntd.vieclam24h.vn/chi-tiet-nguoi-tim-viec?id=3697342
361,https://ntd.vieclam24h.vn/chi-tiet-nguoi-tim-viec?id=201420096
362,https://ntd.vieclam24h.vn/chi-tiet-nguoi-tim-viec?id=18130357
363,https://ntd.vieclam24h.vn/chi-tiet-nguoi-tim-viec?id=12623831
364,https://ntd.vieclam24h.vn/chi-tiet-nguoi-tim-viec?id=11962809
365,https://ntd.vieclam24h.vn/chi-tiet-nguoi-tim-viec?id=3362435
366,https://ntd.vieclam24h.vn/chi-tiet-nguoi-tim-viec?id=201417121
367,https://ntd.vieclam24h.vn/chi-tiet-nguoi-tim-viec?id=201416850
368,https://ntd.vieclam24h.vn/chi-tiet-nguoi-tim-viec?id=201416172
369,https://ntd.vieclam24h.vn/chi-tiet-nguoi-tim-viec?id=200877545
370,https://ntd.vieclam24h.vn/chi-tiet-nguoi-tim-viec?id=201410277
371,https://ntd.vieclam24h.vn/chi-tiet-nguoi-tim-viec?id=200345687
372,https://ntd.vieclam24h.vn/chi-tiet-nguoi-tim-viec?id=100917309
373,https://ntd.vieclam24h.vn/chi-tiet-nguoi-tim-viec?id=201403103
374,https://ntd.vieclam24h.vn/chi-tiet-nguoi-tim-viec?id=201397579
375,https://ntd.vieclam24h.vn/chi-tiet-nguoi-tim-viec?id=201396868
376,https://ntd.vieclam24h.vn/chi-tiet-nguoi-tim-viec?id=201395102
377,https://ntd.vieclam24h.vn/chi-tiet-nguoi-tim-viec?id=201377290
378,https://ntd.vieclam24h.vn/chi-tiet-nguoi-tim-viec?id=201389856
379,https://ntd.vieclam24h.vn/chi-tiet-nguoi-tim-viec?id=201389682
380,https://ntd.vieclam24h.vn/chi-tiet-nguoi-tim-viec?id=201387766
381,https://ntd.vieclam24h.vn/chi-tiet-nguoi-tim-viec?id=201150051
382,https://ntd.vieclam24h.vn/chi-tiet-nguoi-tim-viec?id=201338294
383,https://ntd.vieclam24h.vn/chi-tiet-nguoi-tim-viec?id=201225230
384,https://ntd.vieclam24h.vn/chi-tiet-nguoi-tim-viec?id=201374886
385,https://ntd.vieclam24h.vn/chi-tiet-nguoi-tim-viec?id=201374412
386,https://ntd.vieclam24h.vn/chi-tiet-nguoi-tim-viec?id=4100516
387,https://ntd.vieclam24h.vn/chi-tiet-nguoi-tim-viec?id=201367512
388,https://ntd.vieclam24h.vn/chi-tiet-nguoi-tim-viec?id=200971948
389,https://ntd.vieclam24h.vn/chi-tiet-nguoi-tim-viec?id=3982438
390,https://ntd.vieclam24h.vn/chi-tiet-nguoi-tim-viec?id=201361280
391,https://ntd.vieclam24h.vn/chi-tiet-nguoi-tim-viec?id=201357790
392,https://ntd.vieclam24h.vn/chi-tiet-nguoi-tim-viec?id=10223622
393,https://ntd.vieclam24h.vn/chi-tiet-nguoi-tim-viec?id=141671541
394,https://ntd.vieclam24h.vn/chi-tiet-nguoi-tim-viec?id=200662987
395,https://ntd.vieclam24h.vn/chi-tiet-nguoi-tim-viec?id=101090036
396,https://ntd.vieclam24h.vn/chi-tiet-nguoi-tim-viec?id=5146116
397,https://ntd.vieclam24h.vn/chi-tiet-nguoi-tim-viec?id=201342528
398,https://ntd.vieclam24h.vn/chi-tiet-nguoi-tim-viec?id=201330785
399,https://ntd.vieclam24h.vn/chi-tiet-nguoi-tim-viec?id=201328320
400,https://ntd.vieclam24h.vn/chi-tiet-nguoi-tim-viec?id=201327972
401,https://ntd.vieclam24h.vn/chi-tiet-nguoi-tim-viec?id=17451448
402,https://ntd.vieclam24h.vn/chi-tiet-nguoi-tim-viec?id=3823431
403,https://ntd.vieclam24h.vn/chi-tiet-nguoi-tim-viec?id=201320072
404,https://ntd.vieclam24h.vn/chi-tiet-nguoi-tim-viec?id=3634168
405,https://ntd.vieclam24h.vn/chi-tiet-nguoi-tim-viec?id=201311673
406,https://ntd.vieclam24h.vn/chi-tiet-nguoi-tim-viec?id=100998673
407,https://ntd.vieclam24h.vn/chi-tiet-nguoi-tim-viec?id=100600662
408,https://ntd.vieclam24h.vn/chi-tiet-nguoi-tim-viec?id=101165121
409,https://ntd.vieclam24h.vn/chi-tiet-nguoi-tim-viec?id=17548038
410,https://ntd.vieclam24h.vn/chi-tiet-nguoi-tim-viec?id=5661987
411,https://ntd.vieclam24h.vn/chi-tiet-nguoi-tim-viec?id=201302659
412,https://ntd.vieclam24h.vn/chi-tiet-nguoi-tim-viec?id=201296776
413,https://ntd.vieclam24h.vn/chi-tiet-nguoi-tim-viec?id=201296242
414,https://ntd.vieclam24h.vn/chi-tiet-nguoi-tim-viec?id=201295227
415,https://ntd.vieclam24h.vn/chi-tiet-nguoi-tim-viec?id=3015728
416,https://ntd.vieclam24h.vn/chi-tiet-nguoi-tim-viec?id=201289151
417,https://ntd.vieclam24h.vn/chi-tiet-nguoi-tim-viec?id=100166210
418,https://ntd.vieclam24h.vn/chi-tiet-nguoi-tim-viec?id=201286454
419,https://ntd.vieclam24h.vn/chi-tiet-nguoi-tim-viec?id=100455922
420,https://ntd.vieclam24h.vn/chi-tiet-nguoi-tim-viec?id=17632445
421,https://ntd.vieclam24h.vn/chi-tiet-nguoi-tim-viec?id=201275600
422,https://ntd.vieclam24h.vn/chi-tiet-nguoi-tim-viec?id=201274152
423,https://ntd.vieclam24h.vn/chi-tiet-nguoi-tim-viec?id=201270751
424,https://ntd.vieclam24h.vn/chi-tiet-nguoi-tim-viec?id=5290380
425,https://ntd.vieclam24h.vn/chi-tiet-nguoi-tim-viec?id=5420889
426,https://ntd.vieclam24h.vn/chi-tiet-nguoi-tim-viec?id=3465786
427,https://ntd.vieclam24h.vn/chi-tiet-nguoi-tim-viec?id=201257982
428,https://ntd.vieclam24h.vn/chi-tiet-nguoi-tim-viec?id=201247009
429,https://ntd.vieclam24h.vn/chi-tiet-nguoi-tim-viec?id=201063566
430,https://ntd.vieclam24h.vn/chi-tiet-nguoi-tim-viec?id=141701804
431,https://ntd.vieclam24h.vn/chi-tiet-nguoi-tim-viec?id=4764838
432,https://ntd.vieclam24h.vn/chi-tiet-nguoi-tim-viec?id=25146696
433,https://ntd.vieclam24h.vn/chi-tiet-nguoi-tim-viec?id=100553815
434,https://ntd.vieclam24h.vn/chi-tiet-nguoi-tim-viec?id=4038348
435,https://ntd.vieclam24h.vn/chi-tiet-nguoi-tim-viec?id=3081230
436,https://ntd.vieclam24h.vn/chi-tiet-nguoi-tim-viec?id=201238394
437,https://ntd.vieclam24h.vn/chi-tiet-nguoi-tim-viec?id=4824349
438,https://ntd.vieclam24h.vn/chi-tiet-nguoi-tim-viec?id=200152720
439,https://ntd.vieclam24h.vn/chi-tiet-nguoi-tim-viec?id=201228219
440,https://ntd.vieclam24h.vn/chi-tiet-nguoi-tim-viec?id=201226751
441,https://ntd.vieclam24h.vn/chi-tiet-nguoi-tim-viec?id=11274983
442,https://ntd.vieclam24h.vn/chi-tiet-nguoi-tim-viec?id=5516662
443,https://ntd.vieclam24h.vn/chi-tiet-nguoi-tim-viec?id=3185079
444,https://ntd.vieclam24h.vn/chi-tiet-nguoi-tim-viec?id=141080253
445,https://ntd.vieclam24h.vn/chi-tiet-nguoi-tim-viec?id=201206098
446,https://ntd.vieclam24h.vn/chi-tiet-nguoi-tim-viec?id=200409744
447,https://ntd.vieclam24h.vn/chi-tiet-nguoi-tim-viec?id=200290601
448,https://ntd.vieclam24h.vn/chi-tiet-nguoi-tim-viec?id=201190935
449,https://ntd.vieclam24h.vn/chi-tiet-nguoi-tim-viec?id=201189716
450,https://ntd.vieclam24h.vn/chi-tiet-nguoi-tim-viec?id=201185212
451,https://ntd.vieclam24h.vn/chi-tiet-nguoi-tim-viec?id=201184728
452,https://ntd.vieclam24h.vn/chi-tiet-nguoi-tim-viec?id=200385084
453,https://ntd.vieclam24h.vn/chi-tiet-nguoi-tim-viec?id=100891764
454,https://ntd.vieclam24h.vn/chi-tiet-nguoi-tim-viec?id=201173064
455,https://ntd.vieclam24h.vn/chi-tiet-nguoi-tim-viec?id=200923701
456,https://ntd.vieclam24h.vn/chi-tiet-nguoi-tim-viec?id=100066027
457,https://ntd.vieclam24h.vn/chi-tiet-nguoi-tim-viec?id=24922760
458,https://ntd.vieclam24h.vn/chi-tiet-nguoi-tim-viec?id=15879538
459,https://ntd.vieclam24h.vn/chi-tiet-nguoi-tim-viec?id=3006169
460,https://ntd.vieclam24h.vn/chi-tiet-nguoi-tim-viec?id=201166405
461,https://ntd.vieclam24h.vn/chi-tiet-nguoi-tim-viec?id=201155466
462,https://ntd.vieclam24h.vn/chi-tiet-nguoi-tim-viec?id=201162328
463,https://ntd.vieclam24h.vn/chi-tiet-nguoi-tim-viec?id=201145220
464,https://ntd.vieclam24h.vn/chi-tiet-nguoi-tim-viec?id=201060256
465,https://ntd.vieclam24h.vn/chi-tiet-nguoi-tim-viec?id=3309121
466,https://ntd.vieclam24h.vn/chi-tiet-nguoi-tim-viec?id=200246335
467,https://ntd.vieclam24h.vn/chi-tiet-nguoi-tim-viec?id=201152437
468,https://ntd.vieclam24h.vn/chi-tiet-nguoi-tim-viec?id=201148170
469,https://ntd.vieclam24h.vn/chi-tiet-nguoi-tim-viec?id=201146029
470,https://ntd.vieclam24h.vn/chi-tiet-nguoi-tim-viec?id=201123993
471,https://ntd.vieclam24h.vn/chi-tiet-nguoi-tim-viec?id=3451194
472,https://ntd.vieclam24h.vn/chi-tiet-nguoi-tim-viec?id=200625859
473,https://ntd.vieclam24h.vn/chi-tiet-nguoi-tim-viec?id=201139842
474,https://ntd.vieclam24h.vn/chi-tiet-nguoi-tim-viec?id=100178193
475,https://ntd.vieclam24h.vn/chi-tiet-nguoi-tim-viec?id=18930851
476,https://ntd.vieclam24h.vn/chi-tiet-nguoi-tim-viec?id=18201615
477,https://ntd.vieclam24h.vn/chi-tiet-nguoi-tim-viec?id=4149028
478,https://ntd.vieclam24h.vn/chi-tiet-nguoi-tim-viec?id=201132299
479,https://ntd.vieclam24h.vn/chi-tiet-nguoi-tim-viec?id=201132089
480,https://ntd.vieclam24h.vn/chi-tiet-nguoi-tim-viec?id=5740007
481,https://ntd.vieclam24h.vn/chi-tiet-nguoi-tim-viec?id=200001054
482,https://ntd.vieclam24h.vn/chi-tiet-nguoi-tim-viec?id=100264671
483,https://ntd.vieclam24h.vn/chi-tiet-nguoi-tim-viec?id=17640989
484,https://ntd.vieclam24h.vn/chi-tiet-nguoi-tim-viec?id=201121259
485,https://ntd.vieclam24h.vn/chi-tiet-nguoi-tim-viec?id=201120829
486,https://ntd.vieclam24h.vn/chi-tiet-nguoi-tim-viec?id=100891356
487,https://ntd.vieclam24h.vn/chi-tiet-nguoi-tim-viec?id=201115506
488,https://ntd.vieclam24h.vn/chi-tiet-nguoi-tim-viec?id=201109967
489,https://ntd.vieclam24h.vn/chi-tiet-nguoi-tim-viec?id=201111773
490,https://ntd.vieclam24h.vn/chi-tiet-nguoi-tim-viec?id=201109708
491,https://ntd.vieclam24h.vn/chi-tiet-nguoi-tim-viec?id=201109497
492,https://ntd.vieclam24h.vn/chi-tiet-nguoi-tim-viec?id=200764883
493,https://ntd.vieclam24h.vn/chi-tiet-nguoi-tim-viec?id=201094388
494,https://ntd.vieclam24h.vn/chi-tiet-nguoi-tim-viec?id=15410575
495,https://ntd.vieclam24h.vn/chi-tiet-nguoi-tim-viec?id=201088112
496,https://ntd.vieclam24h.vn/chi-tiet-nguoi-tim-viec?id=201085401
497,https://ntd.vieclam24h.vn/chi-tiet-nguoi-tim-viec?id=201073569
498,https://ntd.vieclam24h.vn/chi-tiet-nguoi-tim-viec?id=15614819
499,https://ntd.vieclam24h.vn/chi-tiet-nguoi-tim-viec?id=201074214
500,https://ntd.vieclam24h.vn/chi-tiet-nguoi-tim-viec?id=201071000
501,https://ntd.vieclam24h.vn/chi-tiet-nguoi-tim-viec?id=200914832
502,https://ntd.vieclam24h.vn/chi-tiet-nguoi-tim-viec?id=25044054
503,https://ntd.vieclam24h.vn/chi-tiet-nguoi-tim-viec?id=5147171
504,https://ntd.vieclam24h.vn/chi-tiet-nguoi-tim-viec?id=201052843
505,https://ntd.vieclam24h.vn/chi-tiet-nguoi-tim-viec?id=201050674
506,https://ntd.vieclam24h.vn/chi-tiet-nguoi-tim-viec?id=201049460
507,https://ntd.vieclam24h.vn/chi-tiet-nguoi-tim-viec?id=201044568
508,https://ntd.vieclam24h.vn/chi-tiet-nguoi-tim-viec?id=200993512
509,https://ntd.vieclam24h.vn/chi-tiet-nguoi-tim-viec?id=100276051
510,https://ntd.vieclam24h.vn/chi-tiet-nguoi-tim-viec?id=201038299
511,https://ntd.vieclam24h.vn/chi-tiet-nguoi-tim-viec?id=200957605
512,https://ntd.vieclam24h.vn/chi-tiet-nguoi-tim-viec?id=201025866
513,https://ntd.vieclam24h.vn/chi-tiet-nguoi-tim-viec?id=201023797
514,https://ntd.vieclam24h.vn/chi-tiet-nguoi-tim-viec?id=201019711
515,https://ntd.vieclam24h.vn/chi-tiet-nguoi-tim-viec?id=201018970
516,https://ntd.vieclam24h.vn/chi-tiet-nguoi-tim-viec?id=16094766
517,https://ntd.vieclam24h.vn/chi-tiet-nguoi-tim-viec?id=3008069
518,https://ntd.vieclam24h.vn/chi-tiet-nguoi-tim-viec?id=200983144
519,https://ntd.vieclam24h.vn/chi-tiet-nguoi-tim-viec?id=200983102
520,https://ntd.vieclam24h.vn/chi-tiet-nguoi-tim-viec?id=200972480
521,https://ntd.vieclam24h.vn/chi-tiet-nguoi-tim-viec?id=200966801
522,https://ntd.vieclam24h.vn/chi-tiet-nguoi-tim-viec?id=200961686
523,https://ntd.vieclam24h.vn/chi-tiet-nguoi-tim-viec?id=200670119
524,https://ntd.vieclam24h.vn/chi-tiet-nguoi-tim-viec?id=11472827
525,https://ntd.vieclam24h.vn/chi-tiet-nguoi-tim-viec?id=3996594
526,https://ntd.vieclam24h.vn/chi-tiet-nguoi-tim-viec?id=5296733
527,https://ntd.vieclam24h.vn/chi-tiet-nguoi-tim-viec?id=200949898
528,https://ntd.vieclam24h.vn/chi-tiet-nguoi-tim-viec?id=200946392
529,https://ntd.vieclam24h.vn/chi-tiet-nguoi-tim-viec?id=200946172
530,https://ntd.vieclam24h.vn/chi-tiet-nguoi-tim-viec?id=200388282
531,https://ntd.vieclam24h.vn/chi-tiet-nguoi-tim-viec?id=200941058
532,https://ntd.vieclam24h.vn/chi-tiet-nguoi-tim-viec?id=200938125
533,https://ntd.vieclam24h.vn/chi-tiet-nguoi-tim-viec?id=200931824
534,https://ntd.vieclam24h.vn/chi-tiet-nguoi-tim-viec?id=100601250
535,https://ntd.vieclam24h.vn/chi-tiet-nguoi-tim-viec?id=200932369
536,https://ntd.vieclam24h.vn/chi-tiet-nguoi-tim-viec?id=200927502
537,https://ntd.vieclam24h.vn/chi-tiet-nguoi-tim-viec?id=141312967
538,https://ntd.vieclam24h.vn/chi-tiet-nguoi-tim-viec?id=200932264
539,https://ntd.vieclam24h.vn/chi-tiet-nguoi-tim-viec?id=200923527
540,https://ntd.vieclam24h.vn/chi-tiet-nguoi-tim-viec?id=18955716
541,https://ntd.vieclam24h.vn/chi-tiet-nguoi-tim-viec?id=200913438
542,https://ntd.vieclam24h.vn/chi-tiet-nguoi-tim-viec?id=200095543
543,https://ntd.vieclam24h.vn/chi-tiet-nguoi-tim-viec?id=11380697
544,https://ntd.vieclam24h.vn/chi-tiet-nguoi-tim-viec?id=200516072
545,https://ntd.vieclam24h.vn/chi-tiet-nguoi-tim-viec?id=200893478
546,https://ntd.vieclam24h.vn/chi-tiet-nguoi-tim-viec?id=18656299
547,https://ntd.vieclam24h.vn/chi-tiet-nguoi-tim-viec?id=10767347
548,https://ntd.vieclam24h.vn/chi-tiet-nguoi-tim-viec?id=4327923
549,https://ntd.vieclam24h.vn/chi-tiet-nguoi-tim-viec?id=200887540
550,https://ntd.vieclam24h.vn/chi-tiet-nguoi-tim-viec?id=200884342
551,https://ntd.vieclam24h.vn/chi-tiet-nguoi-tim-viec?id=200880461
552,https://ntd.vieclam24h.vn/chi-tiet-nguoi-tim-viec?id=200880250
553,https://ntd.vieclam24h.vn/chi-tiet-nguoi-tim-viec?id=200874558
554,https://ntd.vieclam24h.vn/chi-tiet-nguoi-tim-viec?id=200826229
555,https://ntd.vieclam24h.vn/chi-tiet-nguoi-tim-viec?id=200867027
556,https://ntd.vieclam24h.vn/chi-tiet-nguoi-tim-viec?id=5689255
557,https://ntd.vieclam24h.vn/chi-tiet-nguoi-tim-viec?id=200864560
558,https://ntd.vieclam24h.vn/chi-tiet-nguoi-tim-viec?id=200862386
559,https://ntd.vieclam24h.vn/chi-tiet-nguoi-tim-viec?id=16029814
560,https://ntd.vieclam24h.vn/chi-tiet-nguoi-tim-viec?id=200859673
561,https://ntd.vieclam24h.vn/chi-tiet-nguoi-tim-viec?id=200858538
562,https://ntd.vieclam24h.vn/chi-tiet-nguoi-tim-viec?id=11628910
563,https://ntd.vieclam24h.vn/chi-tiet-nguoi-tim-viec?id=200354799
564,https://ntd.vieclam24h.vn/chi-tiet-nguoi-tim-viec?id=200375737
565,https://ntd.vieclam24h.vn/chi-tiet-nguoi-tim-viec?id=5758038
566,https://ntd.vieclam24h.vn/chi-tiet-nguoi-tim-viec?id=200847293
567,https://ntd.vieclam24h.vn/chi-tiet-nguoi-tim-viec?id=100621282
568,https://ntd.vieclam24h.vn/chi-tiet-nguoi-tim-viec?id=100017009
569,https://ntd.vieclam24h.vn/chi-tiet-nguoi-tim-viec?id=21825960
570,https://ntd.vieclam24h.vn/chi-tiet-nguoi-tim-viec?id=200837155
571,https://ntd.vieclam24h.vn/chi-tiet-nguoi-tim-viec?id=200836661
572,https://ntd.vieclam24h.vn/chi-tiet-nguoi-tim-viec?id=200835464
573,https://ntd.vieclam24h.vn/chi-tiet-nguoi-tim-viec?id=5300981
574,https://ntd.vieclam24h.vn/chi-tiet-nguoi-tim-viec?id=4763029
575,https://ntd.vieclam24h.vn/chi-tiet-nguoi-tim-viec?id=200834064
576,https://ntd.vieclam24h.vn/chi-tiet-nguoi-tim-viec?id=200826119
577,https://ntd.vieclam24h.vn/chi-tiet-nguoi-tim-viec?id=200829510
578,https://ntd.vieclam24h.vn/chi-tiet-nguoi-tim-viec?id=200827728
579,https://ntd.vieclam24h.vn/chi-tiet-nguoi-tim-viec?id=100722085
580,https://ntd.vieclam24h.vn/chi-tiet-nguoi-tim-viec?id=200822445
581,https://ntd.vieclam24h.vn/chi-tiet-nguoi-tim-viec?id=200820938
582,https://ntd.vieclam24h.vn/chi-tiet-nguoi-tim-viec?id=200810911
583,https://ntd.vieclam24h.vn/chi-tiet-nguoi-tim-viec?id=200791969
584,https://ntd.vieclam24h.vn/chi-tiet-nguoi-tim-viec?id=200520661
585,https://ntd.vieclam24h.vn/chi-tiet-nguoi-tim-viec?id=5303146
586,https://ntd.vieclam24h.vn/chi-tiet-nguoi-tim-viec?id=5629629
587,https://ntd.vieclam24h.vn/chi-tiet-nguoi-tim-viec?id=200806335
588,https://ntd.vieclam24h.vn/chi-tiet-nguoi-tim-viec?id=200799125
589,https://ntd.vieclam24h.vn/chi-tiet-nguoi-tim-viec?id=200531704
590,https://ntd.vieclam24h.vn/chi-tiet-nguoi-tim-viec?id=200436730
591,https://ntd.vieclam24h.vn/chi-tiet-nguoi-tim-viec?id=200790504
592,https://ntd.vieclam24h.vn/chi-tiet-nguoi-tim-viec?id=200784184
593,https://ntd.vieclam24h.vn/chi-tiet-nguoi-tim-viec?id=200784136
594,https://ntd.vieclam24h.vn/chi-tiet-nguoi-tim-viec?id=25044015
595,https://ntd.vieclam24h.vn/chi-tiet-nguoi-tim-viec?id=200755395
596,https://ntd.vieclam24h.vn/chi-tiet-nguoi-tim-viec?id=4859879
597,https://ntd.vieclam24h.vn/chi-tiet-nguoi-tim-viec?id=200753199
598,https://ntd.vieclam24h.vn/chi-tiet-nguoi-tim-viec?id=200720581
599,https://ntd.vieclam24h.vn/chi-tiet-nguoi-tim-viec?id=200658403
600,https://ntd.vieclam24h.vn/chi-tiet-nguoi-tim-viec?id=200443296
601,https://ntd.vieclam24h.vn/chi-tiet-nguoi-tim-viec?id=24825019
602,https://ntd.vieclam24h.vn/chi-tiet-nguoi-tim-viec?id=4050266
603,https://ntd.vieclam24h.vn/chi-tiet-nguoi-tim-viec?id=200709420
604,https://ntd.vieclam24h.vn/chi-tiet-nguoi-tim-viec?id=200704469
605,https://ntd.vieclam24h.vn/chi-tiet-nguoi-tim-viec?id=200704299
606,https://ntd.vieclam24h.vn/chi-tiet-nguoi-tim-viec?id=200639552
607,https://ntd.vieclam24h.vn/chi-tiet-nguoi-tim-viec?id=141544373
608,https://ntd.vieclam24h.vn/chi-tiet-nguoi-tim-viec?id=4063232
609,https://ntd.vieclam24h.vn/chi-tiet-nguoi-tim-viec?id=3909877
610,https://ntd.vieclam24h.vn/chi-tiet-nguoi-tim-viec?id=200700124
611,https://ntd.vieclam24h.vn/chi-tiet-nguoi-tim-viec?id=200697584
612,https://ntd.vieclam24h.vn/chi-tiet-nguoi-tim-viec?id=200697299
613,https://ntd.vieclam24h.vn/chi-tiet-nguoi-tim-viec?id=200694603
614,https://ntd.vieclam24h.vn/chi-tiet-nguoi-tim-viec?id=100517625
615,https://ntd.vieclam24h.vn/chi-tiet-nguoi-tim-viec?id=12821068
616,https://ntd.vieclam24h.vn/chi-tiet-nguoi-tim-viec?id=200669257
617,https://ntd.vieclam24h.vn/chi-tiet-nguoi-tim-viec?id=200649603
618,https://ntd.vieclam24h.vn/chi-tiet-nguoi-tim-viec?id=16671705
619,https://ntd.vieclam24h.vn/chi-tiet-nguoi-tim-viec?id=200660107
620,https://ntd.vieclam24h.vn/chi-tiet-nguoi-tim-viec?id=200412505
621,https://ntd.vieclam24h.vn/chi-tiet-nguoi-tim-viec?id=100435489
622,https://ntd.vieclam24h.vn/chi-tiet-nguoi-tim-viec?id=18091962
623,https://ntd.vieclam24h.vn/chi-tiet-nguoi-tim-viec?id=2826124
624,https://ntd.vieclam24h.vn/chi-tiet-nguoi-tim-viec?id=200647350
625,https://ntd.vieclam24h.vn/chi-tiet-nguoi-tim-viec?id=200646859
626,https://ntd.vieclam24h.vn/chi-tiet-nguoi-tim-viec?id=100546290
627,https://ntd.vieclam24h.vn/chi-tiet-nguoi-tim-viec?id=140651492
628,https://ntd.vieclam24h.vn/chi-tiet-nguoi-tim-viec?id=5424238
629,https://ntd.vieclam24h.vn/chi-tiet-nguoi-tim-viec?id=3566218
630,https://ntd.vieclam24h.vn/chi-tiet-nguoi-tim-viec?id=3040397
631,https://ntd.vieclam24h.vn/chi-tiet-nguoi-tim-viec?id=200595455
632,https://ntd.vieclam24h.vn/chi-tiet-nguoi-tim-viec?id=4548404
633,https://ntd.vieclam24h.vn/chi-tiet-nguoi-tim-viec?id=200620655
634,https://ntd.vieclam24h.vn/chi-tiet-nguoi-tim-viec?id=100274393
635,https://ntd.vieclam24h.vn/chi-tiet-nguoi-tim-viec?id=200606899
636,https://ntd.vieclam24h.vn/chi-tiet-nguoi-tim-viec?id=200604141
637,https://ntd.vieclam24h.vn/chi-tiet-nguoi-tim-viec?id=200109016
638,https://ntd.vieclam24h.vn/chi-tiet-nguoi-tim-viec?id=15203163
639,https://ntd.vieclam24h.vn/chi-tiet-nguoi-tim-viec?id=200586951
640,https://ntd.vieclam24h.vn/chi-tiet-nguoi-tim-viec?id=140897532
641,https://ntd.vieclam24h.vn/chi-tiet-nguoi-tim-viec?id=100601065
642,https://ntd.vieclam24h.vn/chi-tiet-nguoi-tim-viec?id=18133859
643,https://ntd.vieclam24h.vn/chi-tiet-nguoi-tim-viec?id=3193973
644,https://ntd.vieclam24h.vn/chi-tiet-nguoi-tim-viec?id=200272761
645,https://ntd.vieclam24h.vn/chi-tiet-nguoi-tim-viec?id=100370862
646,https://ntd.vieclam24h.vn/chi-tiet-nguoi-tim-viec?id=4568848
647,https://ntd.vieclam24h.vn/chi-tiet-nguoi-tim-viec?id=1974024
648,https://ntd.vieclam24h.vn/chi-tiet-nguoi-tim-viec?id=200539981
649,https://ntd.vieclam24h.vn/chi-tiet-nguoi-tim-viec?id=4004918
650,https://ntd.vieclam24h.vn/chi-tiet-nguoi-tim-viec?id=24774370
651,https://ntd.vieclam24h.vn/chi-tiet-nguoi-tim-viec?id=3760949
652,https://ntd.vieclam24h.vn/chi-tiet-nguoi-tim-viec?id=18115162
653,https://ntd.vieclam24h.vn/chi-tiet-nguoi-tim-viec?id=200525455
654,https://ntd.vieclam24h.vn/chi-tiet-nguoi-tim-viec?id=200514180
655,https://ntd.vieclam24h.vn/chi-tiet-nguoi-tim-viec?id=101098965
656,https://ntd.vieclam24h.vn/chi-tiet-nguoi-tim-viec?id=3120167
657,https://ntd.vieclam24h.vn/chi-tiet-nguoi-tim-viec?id=100884452
658,https://ntd.vieclam24h.vn/chi-tiet-nguoi-tim-viec?id=17885380
659,https://ntd.vieclam24h.vn/chi-tiet-nguoi-tim-viec?id=200515362
660,https://ntd.vieclam24h.vn/chi-tiet-nguoi-tim-viec?id=200513070
661,https://ntd.vieclam24h.vn/chi-tiet-nguoi-tim-viec?id=200507495
662,https://ntd.vieclam24h.vn/chi-tiet-nguoi-tim-viec?id=101028616
663,https://ntd.vieclam24h.vn/chi-tiet-nguoi-tim-viec?id=100072295
664,https://ntd.vieclam24h.vn/chi-tiet-nguoi-tim-viec?id=200508370
665,https://ntd.vieclam24h.vn/chi-tiet-nguoi-tim-viec?id=100027189
666,https://ntd.vieclam24h.vn/chi-tiet-nguoi-tim-viec?id=21542493
667,https://ntd.vieclam24h.vn/chi-tiet-nguoi-tim-viec?id=200495980
668,https://ntd.vieclam24h.vn/chi-tiet-nguoi-tim-viec?id=200465008
669,https://ntd.vieclam24h.vn/chi-tiet-nguoi-tim-viec?id=22200109
670,https://ntd.vieclam24h.vn/chi-tiet-nguoi-tim-viec?id=200499362
671,https://ntd.vieclam24h.vn/chi-tiet-nguoi-tim-viec?id=200493090
672,https://ntd.vieclam24h.vn/chi-tiet-nguoi-tim-viec?id=4243824
673,https://ntd.vieclam24h.vn/chi-tiet-nguoi-tim-viec?id=200491191
674,https://ntd.vieclam24h.vn/chi-tiet-nguoi-tim-viec?id=200487857
675,https://ntd.vieclam24h.vn/chi-tiet-nguoi-tim-viec?id=20656994
676,https://ntd.vieclam24h.vn/chi-tiet-nguoi-tim-viec?id=200490221
677,https://ntd.vieclam24h.vn/chi-tiet-nguoi-tim-viec?id=200429996
678,https://ntd.vieclam24h.vn/chi-tiet-nguoi-tim-viec?id=16248923
679,https://ntd.vieclam24h.vn/chi-tiet-nguoi-tim-viec?id=200413642
680,https://ntd.vieclam24h.vn/chi-tiet-nguoi-tim-viec?id=4757968
681,https://ntd.vieclam24h.vn/chi-tiet-nguoi-tim-viec?id=200477160
682,https://ntd.vieclam24h.vn/chi-tiet-nguoi-tim-viec?id=200477303
683,https://ntd.vieclam24h.vn/chi-tiet-nguoi-tim-viec?id=18213443
684,https://ntd.vieclam24h.vn/chi-tiet-nguoi-tim-viec?id=200478132
685,https://ntd.vieclam24h.vn/chi-tiet-nguoi-tim-viec?id=200475257
686,https://ntd.vieclam24h.vn/chi-tiet-nguoi-tim-viec?id=13450299
687,https://ntd.vieclam24h.vn/chi-tiet-nguoi-tim-viec?id=200461176
688,https://ntd.vieclam24h.vn/chi-tiet-nguoi-tim-viec?id=200459171
689,https://ntd.vieclam24h.vn/chi-tiet-nguoi-tim-viec?id=3360591
690,https://ntd.vieclam24h.vn/chi-tiet-nguoi-tim-viec?id=10279260
691,https://ntd.vieclam24h.vn/chi-tiet-nguoi-tim-viec?id=200450601
692,https://ntd.vieclam24h.vn/chi-tiet-nguoi-tim-viec?id=4546935
693,https://ntd.vieclam24h.vn/chi-tiet-nguoi-tim-viec?id=200440884
694,https://ntd.vieclam24h.vn/chi-tiet-nguoi-tim-viec?id=13365039
695,https://ntd.vieclam24h.vn/chi-tiet-nguoi-tim-viec?id=200409660
696,https://ntd.vieclam24h.vn/chi-tiet-nguoi-tim-viec?id=200409872
697,https://ntd.vieclam24h.vn/chi-tiet-nguoi-tim-viec?id=200198463
698,https://ntd.vieclam24h.vn/chi-tiet-nguoi-tim-viec?id=200427716
699,https://ntd.vieclam24h.vn/chi-tiet-nguoi-tim-viec?id=25205802
700,https://ntd.vieclam24h.vn/chi-tiet-nguoi-tim-viec?id=200418339
701,https://ntd.vieclam24h.vn/chi-tiet-nguoi-tim-viec?id=200408425
702,https://ntd.vieclam24h.vn/chi-tiet-nguoi-tim-viec?id=200403212
703,https://ntd.vieclam24h.vn/chi-tiet-nguoi-tim-viec?id=200403483
704,https://ntd.vieclam24h.vn/chi-tiet-nguoi-tim-viec?id=100475160
705,https://ntd.vieclam24h.vn/chi-tiet-nguoi-tim-viec?id=200393034
706,https://ntd.vieclam24h.vn/chi-tiet-nguoi-tim-viec?id=200372322
707,https://ntd.vieclam24h.vn/chi-tiet-nguoi-tim-viec?id=200385097
708,https://ntd.vieclam24h.vn/chi-tiet-nguoi-tim-viec?id=200378276
709,https://ntd.vieclam24h.vn/chi-tiet-nguoi-tim-viec?id=14295405
710,https://ntd.vieclam24h.vn/chi-tiet-nguoi-tim-viec?id=200379105
711,https://ntd.vieclam24h.vn/chi-tiet-nguoi-tim-viec?id=4649400
712,https://ntd.vieclam24h.vn/chi-tiet-nguoi-tim-viec?id=200376637
713,https://ntd.vieclam24h.vn/chi-tiet-nguoi-tim-viec?id=10777081
714,https://ntd.vieclam24h.vn/chi-tiet-nguoi-tim-viec?id=200371049
715,https://ntd.vieclam24h.vn/chi-tiet-nguoi-tim-viec?id=3484490
716,https://ntd.vieclam24h.vn/chi-tiet-nguoi-tim-viec?id=200366081
717,https://ntd.vieclam24h.vn/chi-tiet-nguoi-tim-viec?id=200355119
718,https://ntd.vieclam24h.vn/chi-tiet-nguoi-tim-viec?id=200354869
719,https://ntd.vieclam24h.vn/chi-tiet-nguoi-tim-viec?id=200352017
720,https://ntd.vieclam24h.vn/chi-tiet-nguoi-tim-viec?id=141076832
721,https://ntd.vieclam24h.vn/chi-tiet-nguoi-tim-viec?id=4696738
722,https://ntd.vieclam24h.vn/chi-tiet-nguoi-tim-viec?id=200337430
723,https://ntd.vieclam24h.vn/chi-tiet-nguoi-tim-viec?id=200336877
724,https://ntd.vieclam24h.vn/chi-tiet-nguoi-tim-viec?id=200336146
725,https://ntd.vieclam24h.vn/chi-tiet-nguoi-tim-viec?id=13867729
726,https://ntd.vieclam24h.vn/chi-tiet-nguoi-tim-viec?id=200333055
727,https://ntd.vieclam24h.vn/chi-tiet-nguoi-tim-viec?id=200328017
728,https://ntd.vieclam24h.vn/chi-tiet-nguoi-tim-viec?id=140667619
729,https://ntd.vieclam24h.vn/chi-tiet-nguoi-tim-viec?id=200196775
730,https://ntd.vieclam24h.vn/chi-tiet-nguoi-tim-viec?id=200285881
731,https://ntd.vieclam24h.vn/chi-tiet-nguoi-tim-viec?id=200277906
732,https://ntd.vieclam24h.vn/chi-tiet-nguoi-tim-viec?id=200269288
733,https://ntd.vieclam24h.vn/chi-tiet-nguoi-tim-viec?id=200249345
734,https://ntd.vieclam24h.vn/chi-tiet-nguoi-tim-viec?id=200204592
735,https://ntd.vieclam24h.vn/chi-tiet-nguoi-tim-viec?id=200241458
736,https://ntd.vieclam24h.vn/chi-tiet-nguoi-tim-viec?id=200192063
737,https://ntd.vieclam24h.vn/chi-tiet-nguoi-tim-viec?id=100881433
738,https://ntd.vieclam24h.vn/chi-tiet-nguoi-tim-viec?id=200204925
739,https://ntd.vieclam24h.vn/chi-tiet-nguoi-tim-viec?id=100192052
740,https://ntd.vieclam24h.vn/chi-tiet-nguoi-tim-viec?id=200210948
741,https://ntd.vieclam24h.vn/chi-tiet-nguoi-tim-viec?id=4815681
742,https://ntd.vieclam24h.vn/chi-tiet-nguoi-tim-viec?id=200202484
743,https://ntd.vieclam24h.vn/chi-tiet-nguoi-tim-viec?id=200201393
744,https://ntd.vieclam24h.vn/chi-tiet-nguoi-tim-viec?id=200195070
745,https://ntd.vieclam24h.vn/chi-tiet-nguoi-tim-viec?id=200191250
746,https://ntd.vieclam24h.vn/chi-tiet-nguoi-tim-viec?id=200188917
747,https://ntd.vieclam24h.vn/chi-tiet-nguoi-tim-viec?id=200175969
748,https://ntd.vieclam24h.vn/chi-tiet-nguoi-tim-viec?id=2910632
749,https://ntd.vieclam24h.vn/chi-tiet-nguoi-tim-viec?id=200174921
750,https://ntd.vieclam24h.vn/chi-tiet-nguoi-tim-viec?id=10927564
751,https://ntd.vieclam24h.vn/chi-tiet-nguoi-tim-viec?id=200152336
752,https://ntd.vieclam24h.vn/chi-tiet-nguoi-tim-viec?id=200156334
753,https://ntd.vieclam24h.vn/chi-tiet-nguoi-tim-viec?id=3411517
754,https://ntd.vieclam24h.vn/chi-tiet-nguoi-tim-viec?id=200147488
755,https://ntd.vieclam24h.vn/chi-tiet-nguoi-tim-viec?id=200142849
756,https://ntd.vieclam24h.vn/chi-tiet-nguoi-tim-viec?id=200095676
757,https://ntd.vieclam24h.vn/chi-tiet-nguoi-tim-viec?id=200136483
758,https://ntd.vieclam24h.vn/chi-tiet-nguoi-tim-viec?id=200134985
759,https://ntd.vieclam24h.vn/chi-tiet-nguoi-tim-viec?id=3975633
760,https://ntd.vieclam24h.vn/chi-tiet-nguoi-tim-viec?id=200112783
761,https://ntd.vieclam24h.vn/chi-tiet-nguoi-tim-viec?id=200112241
762,https://ntd.vieclam24h.vn/chi-tiet-nguoi-tim-viec?id=200108153
763,https://ntd.vieclam24h.vn/chi-tiet-nguoi-tim-viec?id=200107775
764,https://ntd.vieclam24h.vn/chi-tiet-nguoi-tim-viec?id=200068485
765,https://ntd.vieclam24h.vn/chi-tiet-nguoi-tim-viec?id=17760745
766,https://ntd.vieclam24h.vn/chi-tiet-nguoi-tim-viec?id=100327319
767,https://ntd.vieclam24h.vn/chi-tiet-nguoi-tim-viec?id=200084949
768,https://ntd.vieclam24h.vn/chi-tiet-nguoi-tim-viec?id=100116123
769,https://ntd.vieclam24h.vn/chi-tiet-nguoi-tim-viec?id=12242486
770,https://ntd.vieclam24h.vn/chi-tiet-nguoi-tim-viec?id=200072339
771,https://ntd.vieclam24h.vn/chi-tiet-nguoi-tim-viec?id=4100805
772,https://ntd.vieclam24h.vn/chi-tiet-nguoi-tim-viec?id=200069332
773,https://ntd.vieclam24h.vn/chi-tiet-nguoi-tim-viec?id=200059402
774,https://ntd.vieclam24h.vn/chi-tiet-nguoi-tim-viec?id=11847555
775,https://ntd.vieclam24h.vn/chi-tiet-nguoi-tim-viec?id=200049113
776,https://ntd.vieclam24h.vn/chi-tiet-nguoi-tim-viec?id=4407643
777,https://ntd.vieclam24h.vn/chi-tiet-nguoi-tim-viec?id=141630020
778,https://ntd.vieclam24h.vn/chi-tiet-nguoi-tim-viec?id=200035044
779,https://ntd.vieclam24h.vn/chi-tiet-nguoi-tim-viec?id=11862296
780,https://ntd.vieclam24h.vn/chi-tiet-nguoi-tim-viec?id=200012810
781,https://ntd.vieclam24h.vn/chi-tiet-nguoi-tim-viec?id=200006674
782,https://ntd.vieclam24h.vn/chi-tiet-nguoi-tim-viec?id=200003282
783,https://ntd.vieclam24h.vn/chi-tiet-nguoi-tim-viec?id=101205474
784,https://ntd.vieclam24h.vn/chi-tiet-nguoi-tim-viec?id=101203238
785,https://ntd.vieclam24h.vn/chi-tiet-nguoi-tim-viec?id=101201928
786,https://ntd.vieclam24h.vn/chi-tiet-nguoi-tim-viec?id=100454166
787,https://ntd.vieclam24h.vn/chi-tiet-nguoi-tim-viec?id=101188441
788,https://ntd.vieclam24h.vn/chi-tiet-nguoi-tim-viec?id=101174554
789,https://ntd.vieclam24h.vn/chi-tiet-nguoi-tim-viec?id=5799815
790,https://ntd.vieclam24h.vn/chi-tiet-nguoi-tim-viec?id=25085064
791,https://ntd.vieclam24h.vn/chi-tiet-nguoi-tim-viec?id=101184706
792,https://ntd.vieclam24h.vn/chi-tiet-nguoi-tim-viec?id=101184502
793,https://ntd.vieclam24h.vn/chi-tiet-nguoi-tim-viec?id=101057398
794,https://ntd.vieclam24h.vn/chi-tiet-nguoi-tim-viec?id=101180451
795,https://ntd.vieclam24h.vn/chi-tiet-nguoi-tim-viec?id=4467343
796,https://ntd.vieclam24h.vn/chi-tiet-nguoi-tim-viec?id=101171639
797,https://ntd.vieclam24h.vn/chi-tiet-nguoi-tim-viec?id=101167218
798,https://ntd.vieclam24h.vn/chi-tiet-nguoi-tim-viec?id=101163713
799,https://ntd.vieclam24h.vn/chi-tiet-nguoi-tim-viec?id=100944252
800,https://ntd.vieclam24h.vn/chi-tiet-nguoi-tim-viec?id=101144465
801,https://ntd.vieclam24h.vn/chi-tiet-nguoi-tim-viec?id=101118706
802,https://ntd.vieclam24h.vn/chi-tiet-nguoi-tim-viec?id=101141320
803,https://ntd.vieclam24h.vn/chi-tiet-nguoi-tim-viec?id=101140658
804,https://ntd.vieclam24h.vn/chi-tiet-nguoi-tim-viec?id=101135629
805,https://ntd.vieclam24h.vn/chi-tiet-nguoi-tim-viec?id=101112662
806,https://ntd.vieclam24h.vn/chi-tiet-nguoi-tim-viec?id=101118229
807,https://ntd.vieclam24h.vn/chi-tiet-nguoi-tim-viec?id=16110719
808,https://ntd.vieclam24h.vn/chi-tiet-nguoi-tim-viec?id=101064105
809,https://ntd.vieclam24h.vn/chi-tiet-nguoi-tim-viec?id=101068311
810,https://ntd.vieclam24h.vn/chi-tiet-nguoi-tim-viec?id=100336736
811,https://ntd.vieclam24h.vn/chi-tiet-nguoi-tim-viec?id=101071582
812,https://ntd.vieclam24h.vn/chi-tiet-nguoi-tim-viec?id=17659405
813,https://ntd.vieclam24h.vn/chi-tiet-nguoi-tim-viec?id=100599375
814,https://ntd.vieclam24h.vn/chi-tiet-nguoi-tim-viec?id=101063292
815,https://ntd.vieclam24h.vn/chi-tiet-nguoi-tim-viec?id=101059121
816,https://ntd.vieclam24h.vn/chi-tiet-nguoi-tim-viec?id=101055155
817,https://ntd.vieclam24h.vn/chi-tiet-nguoi-tim-viec?id=101055296
818,https://ntd.vieclam24h.vn/chi-tiet-nguoi-tim-viec?id=100519238
819,https://ntd.vieclam24h.vn/chi-tiet-nguoi-tim-viec?id=101043963
820,https://ntd.vieclam24h.vn/chi-tiet-nguoi-tim-viec?id=5783321
821,https://ntd.vieclam24h.vn/chi-tiet-nguoi-tim-viec?id=3343733
822,https://ntd.vieclam24h.vn/chi-tiet-nguoi-tim-viec?id=101030673
823,https://ntd.vieclam24h.vn/chi-tiet-nguoi-tim-viec?id=4626315
824,https://ntd.vieclam24h.vn/chi-tiet-nguoi-tim-viec?id=101016751
825,https://ntd.vieclam24h.vn/chi-tiet-nguoi-tim-viec?id=101012167
826,https://ntd.vieclam24h.vn/chi-tiet-nguoi-tim-viec?id=101010113
827,https://ntd.vieclam24h.vn/chi-tiet-nguoi-tim-viec?id=100998113
828,https://ntd.vieclam24h.vn/chi-tiet-nguoi-tim-viec?id=100923519
829,https://ntd.vieclam24h.vn/chi-tiet-nguoi-tim-viec?id=100989610
830,https://ntd.vieclam24h.vn/chi-tiet-nguoi-tim-viec?id=100982430
831,https://ntd.vieclam24h.vn/chi-tiet-nguoi-tim-viec?id=100647084
832,https://ntd.vieclam24h.vn/chi-tiet-nguoi-tim-viec?id=100977952
833,https://ntd.vieclam24h.vn/chi-tiet-nguoi-tim-viec?id=100973080
834,https://ntd.vieclam24h.vn/chi-tiet-nguoi-tim-viec?id=100963800
835,https://ntd.vieclam24h.vn/chi-tiet-nguoi-tim-viec?id=100963398
836,https://ntd.vieclam24h.vn/chi-tiet-nguoi-tim-viec?id=4590522
837,https://ntd.vieclam24h.vn/chi-tiet-nguoi-tim-viec?id=100939681
838,https://ntd.vieclam24h.vn/chi-tiet-nguoi-tim-viec?id=100159149
839,https://ntd.vieclam24h.vn/chi-tiet-nguoi-tim-viec?id=100930906
840,https://ntd.vieclam24h.vn/chi-tiet-nguoi-tim-viec?id=4253568
841,https://ntd.vieclam24h.vn/chi-tiet-nguoi-tim-viec?id=100861893
842,https://ntd.vieclam24h.vn/chi-tiet-nguoi-tim-viec?id=100906797
843,https://ntd.vieclam24h.vn/chi-tiet-nguoi-tim-viec?id=16231289
844,https://ntd.vieclam24h.vn/chi-tiet-nguoi-tim-viec?id=4219315
845,https://ntd.vieclam24h.vn/chi-tiet-nguoi-tim-viec?id=100850880
846,https://ntd.vieclam24h.vn/chi-tiet-nguoi-tim-viec?id=3368687
847,https://ntd.vieclam24h.vn/chi-tiet-nguoi-tim-viec?id=100858687
848,https://ntd.vieclam24h.vn/chi-tiet-nguoi-tim-viec?id=100852465
849,https://ntd.vieclam24h.vn/chi-tiet-nguoi-tim-viec?id=100852607
850,https://ntd.vieclam24h.vn/chi-tiet-nguoi-tim-viec?id=11592441
851,https://ntd.vieclam24h.vn/chi-tiet-nguoi-tim-viec?id=100835513
852,https://ntd.vieclam24h.vn/chi-tiet-nguoi-tim-viec?id=100834281
853,https://ntd.vieclam24h.vn/chi-tiet-nguoi-tim-viec?id=100830817
854,https://ntd.vieclam24h.vn/chi-tiet-nguoi-tim-viec?id=100827206
855,https://ntd.vieclam24h.vn/chi-tiet-nguoi-tim-viec?id=100825904
856,https://ntd.vieclam24h.vn/chi-tiet-nguoi-tim-viec?id=100823585
857,https://ntd.vieclam24h.vn/chi-tiet-nguoi-tim-viec?id=13251435
858,https://ntd.vieclam24h.vn/chi-tiet-nguoi-tim-viec?id=100819553
859,https://ntd.vieclam24h.vn/chi-tiet-nguoi-tim-viec?id=16641360
860,https://ntd.vieclam24h.vn/chi-tiet-nguoi-tim-viec?id=5379875
861,https://ntd.vieclam24h.vn/chi-tiet-nguoi-tim-viec?id=100519347
862,https://ntd.vieclam24h.vn/chi-tiet-nguoi-tim-viec?id=100787614
863,https://ntd.vieclam24h.vn/chi-tiet-nguoi-tim-viec?id=11821884
864,https://ntd.vieclam24h.vn/chi-tiet-nguoi-tim-viec?id=100781675
865,https://ntd.vieclam24h.vn/chi-tiet-nguoi-tim-viec?id=100775918
866,https://ntd.vieclam24h.vn/chi-tiet-nguoi-tim-viec?id=100766192
867,https://ntd.vieclam24h.vn/chi-tiet-nguoi-tim-viec?id=100729234
868,https://ntd.vieclam24h.vn/chi-tiet-nguoi-tim-viec?id=100730405
869,https://ntd.vieclam24h.vn/chi-tiet-nguoi-tim-viec?id=100724238
870,https://ntd.vieclam24h.vn/chi-tiet-nguoi-tim-viec?id=3429978
871,https://ntd.vieclam24h.vn/chi-tiet-nguoi-tim-viec?id=3991857
872,https://ntd.vieclam24h.vn/chi-tiet-nguoi-tim-viec?id=3629934
873,https://ntd.vieclam24h.vn/chi-tiet-nguoi-tim-viec?id=100679493
874,https://ntd.vieclam24h.vn/chi-tiet-nguoi-tim-viec?id=100678130
875,https://ntd.vieclam24h.vn/chi-tiet-nguoi-tim-viec?id=100671208
876,https://ntd.vieclam24h.vn/chi-tiet-nguoi-tim-viec?id=100671138
877,https://ntd.vieclam24h.vn/chi-tiet-nguoi-tim-viec?id=3007897
878,https://ntd.vieclam24h.vn/chi-tiet-nguoi-tim-viec?id=100651339
879,https://ntd.vieclam24h.vn/chi-tiet-nguoi-tim-viec?id=5554934
880,https://ntd.vieclam24h.vn/chi-tiet-nguoi-tim-viec?id=100643884
881,https://ntd.vieclam24h.vn/chi-tiet-nguoi-tim-viec?id=100646115
882,https://ntd.vieclam24h.vn/chi-tiet-nguoi-tim-viec?id=3143266
883,https://ntd.vieclam24h.vn/chi-tiet-nguoi-tim-viec?id=100624256
884,https://ntd.vieclam24h.vn/chi-tiet-nguoi-tim-viec?id=3548739
885,https://ntd.vieclam24h.vn/chi-tiet-nguoi-tim-viec?id=100613713
886,https://ntd.vieclam24h.vn/chi-tiet-nguoi-tim-viec?id=100619949
887,https://ntd.vieclam24h.vn/chi-tiet-nguoi-tim-viec?id=100610185
888,https://ntd.vieclam24h.vn/chi-tiet-nguoi-tim-viec?id=100606365
889,https://ntd.vieclam24h.vn/chi-tiet-nguoi-tim-viec?id=5268930
890,https://ntd.vieclam24h.vn/chi-tiet-nguoi-tim-viec?id=100603902
891,https://ntd.vieclam24h.vn/chi-tiet-nguoi-tim-viec?id=100600418
892,https://ntd.vieclam24h.vn/chi-tiet-nguoi-tim-viec?id=100599257
893,https://ntd.vieclam24h.vn/chi-tiet-nguoi-tim-viec?id=100598191
894,https://ntd.vieclam24h.vn/chi-tiet-nguoi-tim-viec?id=100594707
895,https://ntd.vieclam24h.vn/chi-tiet-nguoi-tim-viec?id=100342108
896,https://ntd.vieclam24h.vn/chi-tiet-nguoi-tim-viec?id=100588210
897,https://ntd.vieclam24h.vn/chi-tiet-nguoi-tim-viec?id=100548780
898,https://ntd.vieclam24h.vn/chi-tiet-nguoi-tim-viec?id=100567882
899,https://ntd.vieclam24h.vn/chi-tiet-nguoi-tim-viec?id=100573825
900,https://ntd.vieclam24h.vn/chi-tiet-nguoi-tim-viec?id=100569375
901,https://ntd.vieclam24h.vn/chi-tiet-nguoi-tim-viec?id=16400985
902,https://ntd.vieclam24h.vn/chi-tiet-nguoi-tim-viec?id=4409547
903,https://ntd.vieclam24h.vn/chi-tiet-nguoi-tim-viec?id=100557683
904,https://ntd.vieclam24h.vn/chi-tiet-nguoi-tim-viec?id=21476673
905,https://ntd.vieclam24h.vn/chi-tiet-nguoi-tim-viec?id=100552194
906,https://ntd.vieclam24h.vn/chi-tiet-nguoi-tim-viec?id=21548494
907,https://ntd.vieclam24h.vn/chi-tiet-nguoi-tim-viec?id=100155303
908,https://ntd.vieclam24h.vn/chi-tiet-nguoi-tim-viec?id=24918823
909,https://ntd.vieclam24h.vn/chi-tiet-nguoi-tim-viec?id=100542936
910,https://ntd.vieclam24h.vn/chi-tiet-nguoi-tim-viec?id=100540959
911,https://ntd.vieclam24h.vn/chi-tiet-nguoi-tim-viec?id=3786191
912,https://ntd.vieclam24h.vn/chi-tiet-nguoi-tim-viec?id=100534815
913,https://ntd.vieclam24h.vn/chi-tiet-nguoi-tim-viec?id=100529370
914,https://ntd.vieclam24h.vn/chi-tiet-nguoi-tim-viec?id=100529978
915,https://ntd.vieclam24h.vn/chi-tiet-nguoi-tim-viec?id=100528518
916,https://ntd.vieclam24h.vn/chi-tiet-nguoi-tim-viec?id=100523374
917,https://ntd.vieclam24h.vn/chi-tiet-nguoi-tim-viec?id=100516667
918,https://ntd.vieclam24h.vn/chi-tiet-nguoi-tim-viec?id=100383509
919,https://ntd.vieclam24h.vn/chi-tiet-nguoi-tim-viec?id=100505379
920,https://ntd.vieclam24h.vn/chi-tiet-nguoi-tim-viec?id=100492873
921,https://ntd.vieclam24h.vn/chi-tiet-nguoi-tim-viec?id=100494775
922,https://ntd.vieclam24h.vn/chi-tiet-nguoi-tim-viec?id=100488814
923,https://ntd.vieclam24h.vn/chi-tiet-nguoi-tim-viec?id=100488748
924,https://ntd.vieclam24h.vn/chi-tiet-nguoi-tim-viec?id=100484549
925,https://ntd.vieclam24h.vn/chi-tiet-nguoi-tim-viec?id=100110134
926,https://ntd.vieclam24h.vn/chi-tiet-nguoi-tim-viec?id=3987631
927,https://ntd.vieclam24h.vn/chi-tiet-nguoi-tim-viec?id=100479595
928,https://ntd.vieclam24h.vn/chi-tiet-nguoi-tim-viec?id=100480423
929,https://ntd.vieclam24h.vn/chi-tiet-nguoi-tim-viec?id=100478275
930,https://ntd.vieclam24h.vn/chi-tiet-nguoi-tim-viec?id=100219197
931,https://ntd.vieclam24h.vn/chi-tiet-nguoi-tim-viec?id=100468343
932,https://ntd.vieclam24h.vn/chi-tiet-nguoi-tim-viec?id=100468433
933,https://ntd.vieclam24h.vn/chi-tiet-nguoi-tim-viec?id=100467943
934,https://ntd.vieclam24h.vn/chi-tiet-nguoi-tim-viec?id=4206372
935,https://ntd.vieclam24h.vn/chi-tiet-nguoi-tim-viec?id=100457095
936,https://ntd.vieclam24h.vn/chi-tiet-nguoi-tim-viec?id=100457202
937,https://ntd.vieclam24h.vn/chi-tiet-nguoi-tim-viec?id=100456141
938,https://ntd.vieclam24h.vn/chi-tiet-nguoi-tim-viec?id=100451283
939,https://ntd.vieclam24h.vn/chi-tiet-nguoi-tim-viec?id=100441548
940,https://ntd.vieclam24h.vn/chi-tiet-nguoi-tim-viec?id=12013302
941,https://ntd.vieclam24h.vn/chi-tiet-nguoi-tim-viec?id=100434551
942,https://ntd.vieclam24h.vn/chi-tiet-nguoi-tim-viec?id=100434160
943,https://ntd.vieclam24h.vn/chi-tiet-nguoi-tim-viec?id=100219333
944,https://ntd.vieclam24h.vn/chi-tiet-nguoi-tim-viec?id=100305746
945,https://ntd.vieclam24h.vn/chi-tiet-nguoi-tim-viec?id=100257161
946,https://ntd.vieclam24h.vn/chi-tiet-nguoi-tim-viec?id=100407801
947,https://ntd.vieclam24h.vn/chi-tiet-nguoi-tim-viec?id=100403104
948,https://ntd.vieclam24h.vn/chi-tiet-nguoi-tim-viec?id=100402512
949,https://ntd.vieclam24h.vn/chi-tiet-nguoi-tim-viec?id=100400258
950,https://ntd.vieclam24h.vn/chi-tiet-nguoi-tim-viec?id=100401264
951,https://ntd.vieclam24h.vn/chi-tiet-nguoi-tim-viec?id=100394421
952,https://ntd.vieclam24h.vn/chi-tiet-nguoi-tim-viec?id=100390142
953,https://ntd.vieclam24h.vn/chi-tiet-nguoi-tim-viec?id=100383436
954,https://ntd.vieclam24h.vn/chi-tiet-nguoi-tim-viec?id=25075763
955,https://ntd.vieclam24h.vn/chi-tiet-nguoi-tim-viec?id=100370998
956,https://ntd.vieclam24h.vn/chi-tiet-nguoi-tim-viec?id=5824786
957,https://ntd.vieclam24h.vn/chi-tiet-nguoi-tim-viec?id=100339929
958,https://ntd.vieclam24h.vn/chi-tiet-nguoi-tim-viec?id=100339562
959,https://ntd.vieclam24h.vn/chi-tiet-nguoi-tim-viec?id=100338849
960,https://ntd.vieclam24h.vn/chi-tiet-nguoi-tim-viec?id=100337985
961,https://ntd.vieclam24h.vn/chi-tiet-nguoi-tim-viec?id=100333673
962,https://ntd.vieclam24h.vn/chi-tiet-nguoi-tim-viec?id=100335583
963,https://ntd.vieclam24h.vn/chi-tiet-nguoi-tim-viec?id=100259705
964,https://ntd.vieclam24h.vn/chi-tiet-nguoi-tim-viec?id=21165174
965,https://ntd.vieclam24h.vn/chi-tiet-nguoi-tim-viec?id=100327353
966,https://ntd.vieclam24h.vn/chi-tiet-nguoi-tim-viec?id=100325591
967,https://ntd.vieclam24h.vn/chi-tiet-nguoi-tim-viec?id=100326067
968,https://ntd.vieclam24h.vn/chi-tiet-nguoi-tim-viec?id=17373992
969,https://ntd.vieclam24h.vn/chi-tiet-nguoi-tim-viec?id=16100096
970,https://ntd.vieclam24h.vn/chi-tiet-nguoi-tim-viec?id=100314883
971,https://ntd.vieclam24h.vn/chi-tiet-nguoi-tim-viec?id=100310973
972,https://ntd.vieclam24h.vn/chi-tiet-nguoi-tim-viec?id=100305131
973,https://ntd.vieclam24h.vn/chi-tiet-nguoi-tim-viec?id=100167289
974,https://ntd.vieclam24h.vn/chi-tiet-nguoi-tim-viec?id=100296481
975,https://ntd.vieclam24h.vn/chi-tiet-nguoi-tim-viec?id=4381171
976,https://ntd.vieclam24h.vn/chi-tiet-nguoi-tim-viec?id=100287072
977,https://ntd.vieclam24h.vn/chi-tiet-nguoi-tim-viec?id=100274985
978,https://ntd.vieclam24h.vn/chi-tiet-nguoi-tim-viec?id=14839273
979,https://ntd.vieclam24h.vn/chi-tiet-nguoi-tim-viec?id=100279445
980,https://ntd.vieclam24h.vn/chi-tiet-nguoi-tim-viec?id=10857664
981,https://ntd.vieclam24h.vn/chi-tiet-nguoi-tim-viec?id=100261965
982,https://ntd.vieclam24h.vn/chi-tiet-nguoi-tim-viec?id=100256147
983,https://ntd.vieclam24h.vn/chi-tiet-nguoi-tim-viec?id=100254900
984,https://ntd.vieclam24h.vn/chi-tiet-nguoi-tim-viec?id=16767418
985,https://ntd.vieclam24h.vn/chi-tiet-nguoi-tim-viec?id=100241831
986,https://ntd.vieclam24h.vn/chi-tiet-nguoi-tim-viec?id=100234380
987,https://ntd.vieclam24h.vn/chi-tiet-nguoi-tim-viec?id=100220976
988,https://ntd.vieclam24h.vn/chi-tiet-nguoi-tim-viec?id=100219097
989,https://ntd.vieclam24h.vn/chi-tiet-nguoi-tim-viec?id=100061118
990,https://ntd.vieclam24h.vn/chi-tiet-nguoi-tim-viec?id=100211241
991,https://ntd.vieclam24h.vn/chi-tiet-nguoi-tim-viec?id=100203664
992,https://ntd.vieclam24h.vn/chi-tiet-nguoi-tim-viec?id=100193510
993,https://ntd.vieclam24h.vn/chi-tiet-nguoi-tim-viec?id=25043096
994,https://ntd.vieclam24h.vn/chi-tiet-nguoi-tim-viec?id=100156231
995,https://ntd.vieclam24h.vn/chi-tiet-nguoi-tim-viec?id=100167304
996,https://ntd.vieclam24h.vn/chi-tiet-nguoi-tim-viec?id=100169173
997,https://ntd.vieclam24h.vn/chi-tiet-nguoi-tim-viec?id=100163610
998,https://ntd.vieclam24h.vn/chi-tiet-nguoi-tim-viec?id=100165817
999,https://ntd.vieclam24h.vn/chi-tiet-nguoi-tim-viec?id=100114582
